<ImportExportXml version="5.0.9690.3557" minimumversion="5.0" languagecode="1033" generatedBy="OnPremise" xmlns:xsi="http://www.w3.org/2001/XMLSchema-instance">
  <SolutionManifest>
    <UniqueName>fbtwitter</UniqueName>
    <LocalizedNames>
      <LocalizedName description="Facebook/Twitter Integration" languagecode="1033" />
    </LocalizedNames>
    <Descriptions />
    <Version>0.0.0.1</Version>
    <Managed>0</Managed>
    <Publisher>
      <UniqueName>COTT</UniqueName>
      <LocalizedNames>
        <LocalizedName description="Christoph Ott" languagecode="1033" />
      </LocalizedNames>
      <Descriptions />
      <EMailAddress xsi:nil="true"></EMailAddress>
      <SupportingWebsiteUrl xsi:nil="true"></SupportingWebsiteUrl>
      <CustomizationPrefix>cott</CustomizationPrefix>
      <CustomizationOptionValuePrefix>45592</CustomizationOptionValuePrefix>
      <Addresses>
        <Address>
          <AddressNumber>1</AddressNumber>
          <AddressTypeCode>1</AddressTypeCode>
          <City xsi:nil="true"></City>
          <County xsi:nil="true"></County>
          <Country xsi:nil="true"></Country>
          <Fax xsi:nil="true"></Fax>
          <FreightTermsCode xsi:nil="true"></FreightTermsCode>
          <ImportSequenceNumber xsi:nil="true"></ImportSequenceNumber>
          <Latitude xsi:nil="true"></Latitude>
          <Line1 xsi:nil="true"></Line1>
          <Line2 xsi:nil="true"></Line2>
          <Line3 xsi:nil="true"></Line3>
          <Longitude xsi:nil="true"></Longitude>
          <Name xsi:nil="true"></Name>
          <PostalCode xsi:nil="true"></PostalCode>
          <PostOfficeBox xsi:nil="true"></PostOfficeBox>
          <PrimaryContactName xsi:nil="true"></PrimaryContactName>
          <ShippingMethodCode>1</ShippingMethodCode>
          <StateOrProvince xsi:nil="true"></StateOrProvince>
          <Telephone1 xsi:nil="true"></Telephone1>
          <Telephone2 xsi:nil="true"></Telephone2>
          <Telephone3 xsi:nil="true"></Telephone3>
          <TimeZoneRuleVersionNumber xsi:nil="true"></TimeZoneRuleVersionNumber>
          <UPSZone xsi:nil="true"></UPSZone>
          <UTCOffset xsi:nil="true"></UTCOffset>
          <UTCConversionTimeZoneCode xsi:nil="true"></UTCConversionTimeZoneCode>
        </Address>
        <Address>
          <AddressNumber>2</AddressNumber>
          <AddressTypeCode>1</AddressTypeCode>
          <City xsi:nil="true"></City>
          <County xsi:nil="true"></County>
          <Country xsi:nil="true"></Country>
          <Fax xsi:nil="true"></Fax>
          <FreightTermsCode xsi:nil="true"></FreightTermsCode>
          <ImportSequenceNumber xsi:nil="true"></ImportSequenceNumber>
          <Latitude xsi:nil="true"></Latitude>
          <Line1 xsi:nil="true"></Line1>
          <Line2 xsi:nil="true"></Line2>
          <Line3 xsi:nil="true"></Line3>
          <Longitude xsi:nil="true"></Longitude>
          <Name xsi:nil="true"></Name>
          <PostalCode xsi:nil="true"></PostalCode>
          <PostOfficeBox xsi:nil="true"></PostOfficeBox>
          <PrimaryContactName xsi:nil="true"></PrimaryContactName>
          <ShippingMethodCode>1</ShippingMethodCode>
          <StateOrProvince xsi:nil="true"></StateOrProvince>
          <Telephone1 xsi:nil="true"></Telephone1>
          <Telephone2 xsi:nil="true"></Telephone2>
          <Telephone3 xsi:nil="true"></Telephone3>
          <TimeZoneRuleVersionNumber xsi:nil="true"></TimeZoneRuleVersionNumber>
          <UPSZone xsi:nil="true"></UPSZone>
          <UTCOffset xsi:nil="true"></UTCOffset>
          <UTCConversionTimeZoneCode xsi:nil="true"></UTCConversionTimeZoneCode>
        </Address>
      </Addresses>
    </Publisher>
    <RootComponents>
      <RootComponent type="1" schemaName="account" />
      <RootComponent type="1" schemaName="contact" />
      <RootComponent type="1" schemaName="cott_facebookconfig" />
      <RootComponent type="1" schemaName="cott_facebookfeed" />
      <RootComponent type="1" schemaName="cott_facebookuser" />
      <RootComponent type="1" schemaName="cott_fblike" />
      <RootComponent type="1" schemaName="cott_twitterconfig" />
      <RootComponent type="1" schemaName="cott_twitterfeed" />
      <RootComponent type="1" schemaName="cott_twitterhashtag" />
      <RootComponent type="1" schemaName="cott_twitterurl" />
      <RootComponent type="1" schemaName="cott_twitteruser" />
      <RootComponent type="1" schemaName="incident" />
      <RootComponent type="1" schemaName="lead" />
      <RootComponent type="1" schemaName="systemuser" />
      <RootComponent type="9" schemaName="cott_rating" />
      <RootComponent type="20" parentId="{119f245c-3cc8-4b62-b31c-d1a046ced15d}" />
      <RootComponent type="61" schemaName="cott_/content/account.gif" />
      <RootComponent type="61" schemaName="cott_/content/cancel.png" />
      <RootComponent type="61" schemaName="cott_/content/case.gif" />
      <RootComponent type="61" schemaName="cott_/content/collapse.png" />
      <RootComponent type="61" schemaName="cott_/content/contact.gif" />
      <RootComponent type="61" schemaName="cott_/content/dynamics.png" />
      <RootComponent type="61" schemaName="cott_/content/expand.png" />
      <RootComponent type="61" schemaName="cott_/content/favorite.png" />
      <RootComponent type="61" schemaName="cott_/content/happy.png" />
      <RootComponent type="61" schemaName="cott_/content/leads.gif" />
      <RootComponent type="61" schemaName="cott_/content/neutral.png" />
      <RootComponent type="61" schemaName="cott_/content/oppty.gif" />
      <RootComponent type="61" schemaName="cott_/content/remvoe.png" />
      <RootComponent type="61" schemaName="cott_/content/reply.png" />
      <RootComponent type="61" schemaName="cott_/content/retweet.png" />
      <RootComponent type="61" schemaName="cott_/content/sad.png" />
      <RootComponent type="61" schemaName="cott_/content/timeline.css" />
      <RootComponent type="61" schemaName="cott_/content/unfavorite.png" />
      <RootComponent type="61" schemaName="cott_/content/uterloader.gif" />
      <RootComponent type="61" schemaName="cott_/scripts/jquery.min.js" />
      <RootComponent type="61" schemaName="cott_/scripts/knockout.js" />
      <RootComponent type="61" schemaName="cott_/scripts/linkify.js" />
      <RootComponent type="61" schemaName="cott_/scripts/mscrmcrud.js" />
      <RootComponent type="61" schemaName="cott_/scripts/timeline.js" />
      <RootComponent type="61" schemaName="cott_facebookfeed_large" />
      <RootComponent type="61" schemaName="cott_facebookfeed_small" />
      <RootComponent type="61" schemaName="cott_facebook_config_large" />
      <RootComponent type="61" schemaName="cott_facebook_config_normal" />
      <RootComponent type="61" schemaName="cott_facebook_config_original" />
      <RootComponent type="61" schemaName="cott_facebook_config_small" />
      <RootComponent type="61" schemaName="cott_facebook_like_large" />
      <RootComponent type="61" schemaName="cott_facebook_like_normal" />
      <RootComponent type="61" schemaName="cott_facebook_like_small" />
      <RootComponent type="61" schemaName="cott_facebook_medium" />
      <RootComponent type="61" schemaName="cott_facebook_user_large" />
      <RootComponent type="61" schemaName="cott_facebook_user_normal" />
      <RootComponent type="61" schemaName="cott_facebook_user_small" />
      <RootComponent type="61" schemaName="cott_load_twitter_iframes" />
      <RootComponent type="61" schemaName="cott_social_network_large" />
      <RootComponent type="61" schemaName="cott_social_network_normal" />
      <RootComponent type="61" schemaName="cott_social_network_original" />
      <RootComponent type="61" schemaName="cott_social_network_small" />
      <RootComponent type="61" schemaName="cott_timeline.html" />
      <RootComponent type="61" schemaName="cott_timeline_large" />
      <RootComponent type="61" schemaName="cott_timeline_normal" />
      <RootComponent type="61" schemaName="cott_timeline_original" />
      <RootComponent type="61" schemaName="cott_timeline_small" />
      <RootComponent type="61" schemaName="cott_twitterfeed_large" />
      <RootComponent type="61" schemaName="cott_twitter_authentication" />
      <RootComponent type="61" schemaName="cott_twitter_config_large" />
      <RootComponent type="61" schemaName="cott_twitter_config_normal" />
      <RootComponent type="61" schemaName="cott_twitter_config_original" />
      <RootComponent type="61" schemaName="cott_twitter_config_small" />
      <RootComponent type="61" schemaName="cott_twitter_feed_normal" />
      <RootComponent type="61" schemaName="cott_twitter_feed_original" />
      <RootComponent type="61" schemaName="cott_twitter_feed_small" />
      <RootComponent type="61" schemaName="cott_twitter_hashtag_large" />
      <RootComponent type="61" schemaName="cott_twitter_hashtag_normal" />
      <RootComponent type="61" schemaName="cott_twitter_hashtag_original" />
      <RootComponent type="61" schemaName="cott_twitter_hashtag_small" />
      <RootComponent type="61" schemaName="cott_twitter_profile_large" />
      <RootComponent type="61" schemaName="cott_twitter_profile_normal" />
      <RootComponent type="61" schemaName="cott_twitter_profile_original" />
      <RootComponent type="61" schemaName="cott_twitter_profile_small" />
      <RootComponent type="61" schemaName="cott_twitter_properties_large" />
      <RootComponent type="61" schemaName="cott_twitter_properties_normal" />
      <RootComponent type="61" schemaName="cott_twitter_properties_original" />
      <RootComponent type="61" schemaName="cott_twitter_properties_small" />
      <RootComponent type="61" schemaName="cott_twitter_url_large" />
      <RootComponent type="61" schemaName="cott_twitter_url_normal" />
      <RootComponent type="61" schemaName="cott_twitter_url_original" />
      <RootComponent type="61" schemaName="cott_twitter_url_small" />
    </RootComponents>
    <MissingDependencies>
      <MissingDependency>
        <Required key="0" type="26" schemaName="Open Activities" displayName="Open Activities" parentSchemaName="activitypointer" parentDisplayName="Activity" solution="System" id="{00000000-0000-0000-00aa-000010001900}" />
        <Dependent key="1" type="60" parentDisplayName="Lead" id="{9886ead0-4fcc-4747-9a18-08e7a9a6de71}" />
      </MissingDependency>
      <MissingDependency>
        <Required key="0" type="26" schemaName="Open Activities" displayName="Open Activities" parentSchemaName="activitypointer" parentDisplayName="Activity" solution="System" id="{00000000-0000-0000-00aa-000010001900}" />
        <Dependent key="2" type="60" parentDisplayName="Contact" id="{894cc46a-b0cb-4ab0-8bf6-200544e46a2d}" />
      </MissingDependency>
      <MissingDependency>
        <Required key="3" type="26" schemaName="Contract Line With Allotments" displayName="Contract Line With Allotments" parentSchemaName="contractdetail" parentDisplayName="Contract Line" solution="System" id="{8fa2705c-7e4c-4c0e-b611-4593b35a4c9e}" />
        <Dependent key="4" type="60" parentDisplayName="Case" id="{f658c846-f74c-459b-b591-b97558958106}" />
      </MissingDependency>
      <MissingDependency>
        <Required key="5" type="26" schemaName="Active Services" displayName="Active Services" parentSchemaName="service" parentDisplayName="Service" solution="System" id="{2bd4de5e-a7b4-4f5d-8fde-eb3b62d8e2b2}" />
        <Dependent key="2" type="60" parentDisplayName="Contact" id="{894cc46a-b0cb-4ab0-8bf6-200544e46a2d}" />
      </MissingDependency>
      <MissingDependency>
        <Required key="5" type="26" schemaName="Active Services" displayName="Active Services" parentSchemaName="service" parentDisplayName="Service" solution="System" id="{2bd4de5e-a7b4-4f5d-8fde-eb3b62d8e2b2}" />
        <Dependent key="6" type="60" parentDisplayName="Account" id="{b053a39a-041a-4356-acef-ddf00182762b}" />
      </MissingDependency>
      <MissingDependency>
        <Required key="0" type="26" schemaName="Open Activities" displayName="Open Activities" parentSchemaName="activitypointer" parentDisplayName="Activity" solution="System" id="{00000000-0000-0000-00aa-000010001900}" />
        <Dependent key="6" type="60" parentDisplayName="Account" id="{b053a39a-041a-4356-acef-ddf00182762b}" />
      </MissingDependency>
    </MissingDependencies>
  </SolutionManifest>
</ImportExportXml>